Company Name,Subtitle,Telephone,Review,Website Link
DMA | Digital Marketing Agency,"Chicago, Illinois",800-569-2754,114 Reviews,https://www.digitalmarketingagency.com/seo-services/
 Arcane Marketing,"Idaho Falls, Idaho",(208) 938-5988,24 Reviews,https://www.arcanemarketing.com/topseos/?UTM=topseosreferral
iProspect,"Boston, Massachusetts",(617) 449-4300,Write A Reviews,http://www.iprospect.com
Jellyfish US,"New York, New York",+1 443 927 1669,Write A  Reviews,https://www.jellyfish.com/en-us
Seer Interactive,"Philadelphia, Pennsylvania",215-967-4461,6 Reviews,http://www.seerinteractive.com
"Bruce Clay, Inc."," Simi Valley, California",866-517-1900,21 Reviews,https://www.bruceclay.com
SearchPro Systems,"Nashua, New Hampshire",855-548-7834,23 Reviews,http://www.searchprosystems.com
"iCrossing, Inc","New York, New York",212-649-3900, Reviews,http://www.icrossing.com
360i,"New York, New York",888-360-9630,6 Reviews,https://360i.com
Acronym,"New York, New York",+1 212-691-7051,Write A Reviews,http://www.acronym.com
"Leap Agency, LLC","Louisville, Kentucky",1 (502) 212-1390,2 Reviews,http://www.leapagency.com
Websites Depot Inc.,"Los Angeles, California",(323) 912-1105,86 Reviews,https://websitesdepot.com
WAX Interactive,United States Division,+33 1 84 64 20 20,1 Reviews,https://www.wax-interactive.com
"Brick Marketing, LLC","Boston, Massachusetts",781-999-1222,Write A Reviews,http://www.brickmarketing.com
Easy Street Marketing,"Bellview, Florida",352-502-0064,6 Reviews,http://www.easystreetmarketing.net
"SEO Image, Inc.","New York, New York",888-736-2667,2 Reviews,https://seoimage.com
"Scorpion, LLC","Valencia, California",1 (866) 622-5648,98 Reviews,http://www.scorpion.co
SEO.com,"Draper, Utah",+1 800-351-9081,Write A Reviews,https://www.seo.com/
Fathom,"Valley View, Ohio",1 (216) 369-2220,2 Reviews,http://www.fathomdelivers.com
Straight North,,630-282-6911,8R Reviews,http://www.straightnorth.com
req.co,United States,347-983-5899,14 Reviews,https://req.co/?utm_medium=partners-referral&utm_source=topseos&utm_campaign=req-profile
"RustyBrick, Inc.","West Nyack, New York",845-369-6869,22 Reviews,http://www.rustybrick.com
Publicis Sapient,"Atlanta, Georgia",+1-617-621-0200,Write A Reviews,https://www.publicissapient.com/
HigherVisibility," Tennessee, United States",888-967-1992,64 Reviews,https://www.highervisibility.com/search-engine-optimization/
"RevLocal, LLC","Granville, Ohio",1 (740) 281-5016,39 Reviews,http://www.RevLocal.com
WebiMax,"Camden, New Jersey",888-932-4629,16 Reviews,http://www.webimax.com/?utm_source=topseos
Internet Marketing Ninjas ,"Clifton Park, New York",518-270-0854, Reviews,https://www.internetmarketingninjas.com/
ForwardPMX,"New York, New York",212.387.0300,Write A Reviews,https://www.forwardpmx.com/
Customer Magnetism,"Virginia Beach, Virginia",800-610-7265,3 Reviews,https://www.customermagnetism.com/
Blue Tree,"Buffalo, Wyoming",,Write A Reviews,https://bluetree.ai
"Big Leap, LLC","Lehi, Utah",801-876-5245,20 Reviews,http://www.bigleap.com
SEOP,"Santa Ana, California",877-231-1557, Reviews,https://www.seop.com/
Thanx Media,"Glen Ellyn, Illinois",630-469-2929,Write A Reviews,http://www.thanxmedia.com
Bonsai Media Group,"Seattle, Washington",206-528-2515,11 Reviews,http://www.bonsaimediagroup.com
OMG National,"Plantation, Florida",+1 800-789-4619,95 Reviews,http://omgnational.com/
Hop Online,"New Orleans, Louisiana",,Write A Reviews,https://hop.online/
WrightIMC,"Plano, Texas",866-509-4717,9 Reviews,http://www.wrightimc.com
Bizbird,,+1 647 874 307,Write A Reviews,https://www.bizbird.co/
Keyword Stars,"New York, United States", +1 516-486-3902,Write A Reviews,http://keywordstars.com/
SEOWerkz,"South Jordan, Utah",801-930-0119,61 Reviews,https://go.seowerkz.com/seo-company?utm_campaign=seo-company&utm_medium=paid-referral&utm_source=top-seos
SEO Company,"Leesburg, Florida",800-724-0252,Write A Reviews,https://www.seocompany.com/
Firecracker PR,"City Of Industry, California",888-317-4687, Reviews,http://www.firecrackerpr.com/
Sagapixel SEO | Web Design | PPC,"Cherry Hill, New Jersey",(856) 701-7947,15 Reviews,https://sagapixel.com
Cardinal Digital Marketing,"Atlanta, Georgia",470-440-9624,70 Reviews,https://www.cardinaldigitalmarketing.com/
Penguin Strategies LTD,"Teaneck, New Jersey",0544763718,Write A Reviews,https://www.penguinstrategies.com/
Segment,,(346) 422-4048,Write A Reviews,http://segmentseo.com
Adlucent,"Austin, Texas",800-788-9152,3 Reviews,http://www.adlucent.com
Big Fin SEO,"Washington Township, New Jersey",609-310-1808,5 Reviews,https://bigfinseo.com
Taktical,"New York, New York",877-825-8422,8 Reviews,http://www.taktical.co/
GRO,"Los Angeles, California",,Write A Reviews,https://gr0.com/
InboundLabs,,,Write A Reviews,https://w.inboundlabs.co/
"Tinuiti, Inc","New York, New York",1 (646) 350-2789, Reviews,https://tinuiti.com/
"OpenMoves, Inc.","Huntington, New York",631-546-7779,Write A Reviews,http://openmoves.com/
Connelly Digital,"Boston, Massachusetts",617-521-5400,4 Reviews,http://www.connellydigital.com
"Beacons Point, Inc.","Encinitas, California",760-652-9755,Write A Reviews,http://beaconspoint.com/
New Breed,"Burlington, Vermont",(802) 655-0800,Write A Reviews,http://newbreedrevenue.com
KlientBoost,"Costa Mesa, California",+1 877-501-3447,81 Reviews,https://klientboost.com/?utm_source=clutch.co&utm_medium=referral
Searchbloom,"Utah, United States",+1 801-590-4051,Write A Reviews,https://www.searchbloom.com/utah-seo-services/
ClickGiant," Charleston, South Carolina",843-452-1474,26 Reviews,http://clickgiant.com/
Mayple,"New York, New York",+44 20 7240 2843,45 Reviews,https://www.mayple.com/?utm_source=clutch&amp%3Butm_medium=referral&amp%3Butm_term=directory
"NewSunSEO, Inc","New York, United States",631-320-1700,22 Reviews,http://www.newsunseo.com
Digital Silk,"Miami, Florida",800-856-5417,Write A Reviews,https://www.digitalsilk.com/
Galactic Fed,,,Write A Reviews,http://galacticfed.com
Direct Online Marketing,"Wheeling, West Virginia",800-979-3177,18 Reviews,http://www.directom.com
JSL Marketing & Web Design - Grand Rapids,"Grand Rapids, Michigan",616-326-1260,26 Reviews,https://jsl.marketing/
DashClicks,"Fort Lauderdale, Florida",+1 (866) 600-3369,Write A Reviews,https://dashclicks.com/platform/
Actively Media,United States Division,+91 987 356 2436,8 Reviews,https://www.activelymedia.com
Inbound Junction,,,Write A Reviews,http://inboundjunction.com
"Anvil Media, Inc.","Portland, Oregon",503-595-6050,13 Reviews,http://www.anvilmediainc.com
"MKG Marketing, INc.","San Francisco, California",415-678-1331,Write A Reviews,https://mkgmarketinginc.com
"Zoek, Inc."," Aliso Viejo, California",888-737-9635,101 Reviews,http://www.gozoek.com/
Leverage Marketing,"Austin, Texas",512-265-1760,6 Reviews,http://offers.theleverageway.com/seo-evaluation/
RankPay,"San Diego, California",877-726-5729,15 Reviews,http://www.rankpay.com
Square 2 Marketing,"Conshohocken, Pennsylvania",1 (215) 491-0100,24 Reviews,http://www.square2marketing.com/content-marketing
Infront,"Colorado Springs, Colorado",719-577-4404,96 Reviews,http://www.infront.com
Enspire,"Jacksonville, Florida",800-906-8277,Write A Reviews,https://enspireforenterprise.com/
nationalpositions.com,"Westlake Village, California",877-866-6699,21 Reviews,http://www.nationalpositions.com
Rock the Rankings,"Pittsburgh, Pennsylvania",412-564-4660,Write A Reviews,https://www.rocktherankings.com/
BusinessOnline,"San Diego, California",1 (619) 699-0767, Reviews,http://www.businessol.com
Zupo,"Anaheim, California",714 872-8890,Write A Reviews,https://zupo.co/
Directive Consulting,"Costa Mesa, California",949-214-4024,38 Reviews,https://directiveconsulting.com
Volume Nine,"Denver, Colorado",1 (303) 955-5228,20 Reviews,http://www.v9digital.com/
Lead to Conversion,"Hudson, Ohio",855-473-6582,17 Reviews,http://www.leadtoconversion.com
Victorious SEO,"San Francisco, California",1 (415) 621-9830,58 Reviews,http://victoriousseo.com
"SEO, Inc.","La Costa, California",877-736-0006,12 Reviews,https://www.seoinc.com/lp5t/?utm_source=topseos&utm_medium=review&utm_campaign=topseos
"OneIMS, LLC","Chicago, Illinois",888-663-4671,9R Reviews,http://www.oneims.com/
"Melen, LLC","Paramus, New Jersey",1 (201) 448-9010,125 Reviews,https://www.smartsites.com/lp/digital-marketing-lp/?utm_source=topseos&utm_campaign=topseos
Mole Street,"Philadelphia, Pennsylvania",+1 215-475-5013,5 Reviews,http://molestreet.com
IMPACT,"New Haven, Connecticut",+ 1 (203) 265-4377,Write A Reviews,https://www.impactplus.com/
BrandLume,,+1 855-864-6283,6 Reviews,https://brandlume.com/
Sherpa,"Portland, Oregon",(971) 865-5158, Write A Reviews,https://www.workwithsherpa.com
Peak Positions,"Traverse City, Michigan",231-922-9460,4 Reviews,http://www.peakpositions.com
Prime One,"Wilmington, Delaware",+1 831 215 5123,Write A Reviews,http://primeone.global
"WebMechanix, LLC","Columbia, Maryland",1 (888) 932-6861,32 Reviews,http://www.webmechanix.com
TopSpot Internet Marketing,"Houston, Texas",1 (713) 933-0449,90 Reviews,https://www.topspot.com/
Canesta,"Los Angeles, California",(213) 325-6603,24 Reviews,https://www.canesta.com
Digital Reach Agency,"San Francisco, California",415-480-4495,Write A Reviews,http://www.digitalreachagency.com
SEO Logic,"Chicago, Illinois",312-870-0140,Write A Reviews,http://www.seologic.com
"Single Grain, LLC","Los Angeles, California",800-701-0793,7 Reviews,http://www.singlegrain.com
"Brafton, Inc.","Boston, Massachusetts",617-206-3040,10 Reviews,http://www.brafton.com
